week,state,mean_vpd,mean_tmax,mean_rmin,mean_bi
2024-05-27,Alabama,1.003,84.797,49.177,11.731
2024-05-27,Arizona,2.932,91.217,6.769,76.617
2024-05-27,Arkansas,1.012,84.032,50.023,15.287
2024-05-27,California,1.844,82.156,24.826,52.544
2024-05-27,Colorado,1.325,75.394,19.985,39.235
2024-05-27,Connecticut,0.999,76.276,41.786,17.914
2024-05-27,Delaware,1.002,79.136,43.143,19.471
2024-05-27,Florida,1.453,91.471,40.807,23.439
2024-05-27,Georgia,1.102,85.561,43.758,19.441
2024-05-27,Idaho,0.888,67.077,29.441,27.572
2024-05-27,Illinois,0.894,76.358,45.132,16.646
2024-05-27,Indiana,0.795,74.459,47.029,17.332
2024-05-27,Iowa,0.913,75.708,42.668,16.015
2024-05-27,Kansas,1.168,81.802,38.563,15.295
2024-05-27,Kentucky,0.756,77.538,50.266,16.335
2024-05-27,Louisiana,0.825,87.145,56.685,5.834
2024-05-27,Maine,0.767,70.027,41.507,23.748
2024-05-27,Maryland,0.949,79.224,44.794,16.74
2024-05-27,Massachusetts,0.922,74.983,44.536,16.521
2024-05-27,Michigan,0.731,70.325,45.649,17.347
2024-05-27,Minnesota,0.759,71.077,42.856,12.492
2024-05-27,Mississippi,1.091,86.754,49.352,13.322
2024-05-27,Missouri,1.015,79.614,45.615,21.24
2024-05-27,Montana,0.888,67.695,28.654,27.695
2024-05-27,Nebraska,1.013,77.646,36.111,18.364
2024-05-27,Nevada,1.81,79.422,15.033,59.45
2024-05-27,New Hampshire,0.82,72.34,42.964,21.991
2024-05-27,New Jersey,1.025,78.245,42.038,20.227
2024-05-27,New Mexico,2.279,86.745,10.363,66.945
2024-05-27,New York,0.793,71.873,44.029,17.242
2024-05-27,North Carolina,1.01,80.624,42.371,19.186
2024-05-27,North Dakota,0.828,70.929,34.047,17.108
2024-05-27,Ohio,0.793,73.933,45.461,14.205
2024-05-27,Oklahoma,1.06,84.01,45.873,16.294
2024-05-27,Oregon,0.833,68.53,35.419,25.143
2024-05-27,Pennsylvania,0.84,73.087,42.968,15.726
2024-05-27,Rhode Island,0.919,75.239,44.966,16.316
2024-05-27,South Carolina,1.171,84.652,39.485,22.357
2024-05-27,South Dakota,0.915,74.569,35.645,22.751
2024-05-27,Tennessee,0.745,79.864,52.706,14.774
2024-05-27,Texas,1.546,91.325,39.092,27.924
2024-05-27,Utah,1.795,78.422,14.586,57.1
2024-05-27,Vermont,0.851,72.414,41.477,22.03
2024-05-27,Virginia,0.932,77.868,41.774,18.718
2024-05-27,Washington,0.659,63.655,43.175,20.465
2024-05-27,West Virginia,0.775,73.897,44.84,13.391
2024-05-27,Wisconsin,0.687,70.785,48.055,11.819
2024-05-27,Wyoming,1.028,69.379,22.757,35.19
2024-06-03,Alabama,1.067,88.203,47.986,12.505
2024-06-03,Arizona,3.231,95.562,10.535,80.024
2024-06-03,Arkansas,0.873,85.822,54.788,12.486
2024-06-03,California,2.051,86.855,29.029,52.23
2024-06-03,Colorado,1.699,81.302,19.525,43.661
2024-06-03,Connecticut,0.906,78.874,47.94,17.301
2024-06-03,Delaware,1.051,83.873,46.737,25.733
2024-06-03,Florida,1.382,93.245,44.042,19.891
2024-06-03,Georgia,1.233,89.947,43.852,17.249
2024-06-03,Idaho,1.093,74.712,33.744,25.278
2024-06-03,Illinois,1.061,82.488,44.225,21.056
2024-06-03,Indiana,0.984,81.318,44.644,22.442
2024-06-03,Iowa,1.068,81.016,39.754,23.762
2024-06-03,Kansas,1.184,85.855,39.549,18.813
2024-06-03,Kentucky,0.829,81.968,52.041,13.393
2024-06-03,Louisiana,0.935,89.865,54.088,13.611
2024-06-03,Maine,0.762,73.601,49.629,11.905
2024-06-03,Maryland,1.027,84.192,48.501,20.607
2024-06-03,Massachusetts,0.862,77.47,49.863,16.821
2024-06-03,Michigan,0.671,72.635,52.649,14.309
2024-06-03,Minnesota,0.798,73.495,42.634,19.39
2024-06-03,Mississippi,1.038,89.22,48.958,13.498
2024-06-03,Missouri,1.025,83.58,47.549,13.644
2024-06-03,Montana,0.975,71.48,29.797,33.508
2024-06-03,Nebraska,1.157,80.902,34.517,25.821
2024-06-03,Nevada,2.187,86.909,19.059,52.905
2024-06-03,New Hampshire,0.815,75.764,49.462,10.176
2024-06-03,New Jersey,0.994,82.288,46.657,21.924
2024-06-03,New Mexico,2.735,91.589,10.208,66.022
2024-06-03,New York,0.777,75.394,51.566,9.465
2024-06-03,North Carolina,1.074,85.72,46.446,14.927
2024-06-03,North Dakota,0.897,72.358,33.25,31.657
2024-06-03,Ohio,0.922,80.593,46.736,21.918
2024-06-03,Oklahoma,1.211,89.498,45.828,22.596
2024-06-03,Oregon,1.108,76.269,36.087,24.996
2024-06-03,Pennsylvania,0.848,77.78,49.245,16.349
2024-06-03,Rhode Island,0.843,77.71,50.134,17.848
2024-06-03,South Carolina,1.214,89.013,42.823,13.142
2024-06-03,South Dakota,1.099,77.433,31.286,31.752
2024-06-03,Tennessee,0.818,83.587,52.959,9.791
2024-06-03,Texas,2.136,96.104,31.107,39.824
2024-06-03,Utah,2.119,84.659,18.366,54.553
2024-06-03,Vermont,0.881,75.961,47.646,10.657
2024-06-03,Virginia,0.954,83.229,47.45,17.576
2024-06-03,Washington,0.923,70.753,39.49,24.545
2024-06-03,West Virginia,0.797,79.02,50.399,18.421
2024-06-03,Wisconsin,0.666,73.506,51.206,10.389
2024-06-03,Wyoming,1.208,75.048,25.951,41.306
2024-06-10,Alabama,1.261,90.788,43.285,21.208
2024-06-10,Arizona,3.484,96.983,8.239,78.471
2024-06-10,Arkansas,1.309,88.57,42.461,24.548
2024-06-10,California,2.272,86.417,21.998,57.656
2024-06-10,Colorado,1.765,82.64,20.905,42.102
2024-06-10,Connecticut,0.834,76.86,46.792,24.123
2024-06-10,Delaware,1.084,82.11,43.901,22.614
2024-06-10,Florida,1.224,91.012,49.583,11.385
2024-06-10,Georgia,1.299,92.055,42.681,24.036
2024-06-10,Idaho,1.201,74.005,27.26,39.767
2024-06-10,Illinois,1.348,86.262,38.345,27.074
2024-06-10,Indiana,1.213,83.257,38.711,26.069
2024-06-10,Iowa,1.267,85.373,39.697,23.783
2024-06-10,Kansas,1.733,91.477,33.129,31.194
2024-06-10,Kentucky,1.002,84.418,44.813,21.84
2024-06-10,Louisiana,1.099,91.089,49.538,16.801
2024-06-10,Maine,0.734,72.3,46.722,17.414
2024-06-10,Maryland,1.034,82.616,45.492,19.856
2024-06-10,Massachusetts,0.841,76.426,47.063,23.502
2024-06-10,Michigan,0.895,76.022,43.852,18.994
2024-06-10,Minnesota,0.887,78.274,43.114,11.128
2024-06-10,Mississippi,1.282,90.677,42.802,22.594
2024-06-10,Missouri,1.242,86.941,44.027,25.44
2024-06-10,Montana,1.18,75.156,26.381,33.565
2024-06-10,Nebraska,1.461,86.545,33.04,24.46
2024-06-10,Nevada,2.408,87.271,12.515,65.249
2024-06-10,New Hampshire,0.694,72.117,49.755,20.844
2024-06-10,New Jersey,0.963,79.823,45.34,24.068
2024-06-10,New Mexico,2.304,89.463,18.277,51.079
2024-06-10,New York,0.678,71.592,52.529,21.016
2024-06-10,North Carolina,1.152,85.816,43.373,24.427
2024-06-10,North Dakota,1.052,77.906,34.488,27.359
2024-06-10,Ohio,1.1,80.639,40.994,25.398
2024-06-10,Oklahoma,1.521,90.859,38.353,33.72
2024-06-10,Oregon,1.065,71.975,30.506,32.701
2024-06-10,Pennsylvania,0.867,76.277,45.915,23.358
2024-06-10,Rhode Island,0.86,76.975,46.74,23.986
2024-06-10,South Carolina,1.19,89.263,43.877,20.58
2024-06-10,South Dakota,1.342,83.658,31.871,22.882
2024-06-10,Tennessee,1.096,86.496,44.997,20.087
2024-06-10,Texas,1.582,93.252,39.776,32.655
2024-06-10,Utah,2.439,86.931,13.618,66.898
2024-06-10,Vermont,0.629,70.722,51.24,19.362
2024-06-10,Virginia,1.008,82.727,44.056,24.094
2024-06-10,Washington,0.837,67.004,38.225,29.981
2024-06-10,West Virginia,0.902,79.824,44.169,21.315
2024-06-10,Wisconsin,0.795,77.611,47.472,13.02
2024-06-10,Wyoming,1.513,79.482,20.666,46.402
2024-06-17,Alabama,1.233,91.172,47.172,25.766
2024-06-17,Arizona,3.015,94.328,15.609,68.019
2024-06-17,Arkansas,1.02,89.615,54.66,23.936
2024-06-17,California,2.264,85.859,20.36,60.37
2024-06-17,Colorado,1.521,79.18,25.417,37.664
2024-06-17,Connecticut,1.127,88.213,50.062,18.594
2024-06-17,Delaware,1.439,90.465,44.367,30.276
2024-06-17,Florida,1.238,90.766,49.117,16.966
2024-06-17,Georgia,1.323,92.071,44.115,29.012
2024-06-17,Idaho,1.314,72.604,25.661,35.222
2024-06-17,Illinois,1.235,90.481,48.855,23.892
2024-06-17,Indiana,1.207,89.987,49.257,18.938
2024-06-17,Iowa,0.896,84.627,54.548,13.819
2024-06-17,Kansas,1.492,89.893,41.225,33.786
2024-06-17,Kentucky,1.112,89.888,51.044,17.46
2024-06-17,Louisiana,1.068,89.906,53.964,16.014
2024-06-17,Maine,0.969,79.438,50.723,18.453
2024-06-17,Maryland,1.347,90.283,46.552,30.386
2024-06-17,Massachusetts,0.99,85.75,53.531,14.829
2024-06-17,Michigan,0.765,81.181,58.74,12.141
2024-06-17,Minnesota,0.501,73.206,57.834,9.163
2024-06-17,Mississippi,1.097,90.468,52.193,20.832
2024-06-17,Missouri,1.191,89.32,50.976,26.616
2024-06-17,Montana,0.917,70.16,36.924,17.748
2024-06-17,Nebraska,1.09,83.722,43.015,23.795
2024-06-17,Nevada,2.194,82.698,11.671,69.154
2024-06-17,New Hampshire,0.85,81.224,58.14,9.153
2024-06-17,New Jersey,1.415,90.841,44.786,25.812
2024-06-17,New Mexico,1.948,86.03,26.129,47.384
2024-06-17,New York,0.97,85.783,54.181,11.152
2024-06-17,North Carolina,1.218,88.811,44.935,27.711
2024-06-17,North Dakota,0.617,70.842,50.382,12.46
2024-06-17,Ohio,1.322,91.247,47.495,17.686
2024-06-17,Oklahoma,1.564,92.498,41.867,36.356
2024-06-17,Oregon,1.31,76.266,27.682,37.517
2024-06-17,Pennsylvania,1.238,89.732,47.5,17.387
2024-06-17,Rhode Island,0.996,85.232,53.547,19.518
2024-06-17,South Carolina,1.279,90.425,43.38,26.102
2024-06-17,South Dakota,0.649,74.956,52.534,13.532
2024-06-17,Tennessee,1.02,89.276,52.048,19.459
2024-06-17,Texas,1.46,91.15,42.915,31.843
2024-06-17,Utah,2.046,82.126,15.095,61.172
2024-06-17,Vermont,0.879,81.988,56.451,9.91
2024-06-17,Virginia,1.273,89.897,44.355,25.373
2024-06-17,Washington,1.089,73.227,35.668,31.097
2024-06-17,West Virginia,1.205,89.269,46.568,17.433
2024-06-17,Wisconsin,0.447,76.942,66.303,8.211
2024-06-17,Wyoming,1.239,74.419,24.458,36.772
2024-06-24,Alabama,1.302,93.296,48.282,9.759
2024-06-24,Arizona,2.956,96.314,21.796,46.967
2024-06-24,Arkansas,1.273,93.109,49.283,20.13
2024-06-24,California,2.528,90.147,21.816,61.923
2024-06-24,Colorado,1.883,84.235,22.117,24.44
2024-06-24,Connecticut,0.97,82.079,48.251,19.238
2024-06-24,Delaware,1.254,87.345,44.421,21.675
2024-06-24,Florida,1.159,92.073,51.289,4.36
2024-06-24,Georgia,1.467,94.677,43.859,12.651
2024-06-24,Idaho,1.37,77.735,27.678,37.785
2024-06-24,Illinois,0.94,84.856,51.673,17.342
2024-06-24,Indiana,0.801,82.238,54.204,15.465
2024-06-24,Iowa,0.864,82.708,51.92,18.15
2024-06-24,Kansas,1.818,91.996,35.686,24.154
2024-06-24,Kentucky,1.012,88.446,51.033,15.479
2024-06-24,Louisiana,1.26,93.936,50.795,13.533
2024-06-24,Maine,0.839,75.982,47.404,11.31
2024-06-24,Maryland,1.222,88.542,46.087,21.718
2024-06-24,Massachusetts,0.906,80.577,50.549,16.233
2024-06-24,Michigan,0.635,74.876,53.16,13.61
2024-06-24,Minnesota,0.612,75.142,51.791,15.012
2024-06-24,Mississippi,1.253,93.796,50.474,13.703
2024-06-24,Missouri,1.12,88.381,51.041,17.173
2024-06-24,Montana,1.093,75.143,31.89,24.153
2024-06-24,Nebraska,1.48,87.002,35.78,24.531
2024-06-24,Nevada,2.432,89.018,15.867,62.004
2024-06-24,New Hampshire,0.834,77.088,50.103,14.483
2024-06-24,New Jersey,1.133,84.862,46.273,19.771
2024-06-24,New Mexico,2.282,91.857,23.192,25.721
2024-06-24,New York,0.745,76.656,52.976,10.642
2024-06-24,North Carolina,1.288,91.45,46.75,17.902
2024-06-24,North Dakota,0.772,74.829,42.762,19.03
2024-06-24,Ohio,0.841,82.441,52.594,16.528
2024-06-24,Oklahoma,1.967,96.808,37.05,32.324
2024-06-24,Oregon,1.24,78.077,31.611,41.313
2024-06-24,Pennsylvania,0.957,82.203,47.821,18.216
2024-06-24,Rhode Island,0.877,81.158,51.211,19.028
2024-06-24,South Carolina,1.459,94.807,43.59,14.668
2024-06-24,South Dakota,1.008,81.221,41.915,23.487
2024-06-24,Tennessee,1.138,90.651,50.337,16.491
2024-06-24,Texas,2.053,97.686,35.326,38.853
2024-06-24,Utah,2.359,88.435,18.364,50.483
2024-06-24,Vermont,0.761,75.575,50.584,9.755
2024-06-24,Virginia,1.229,89.409,44.651,21.125
2024-06-24,Washington,0.957,73.222,41.168,27.825
2024-06-24,West Virginia,1.035,85.775,47.362,18.273
2024-06-24,Wisconsin,0.659,76.881,53.03,14.418
2024-06-24,Wyoming,1.699,82.443,19.216,47.057
2024-07-01,Alabama,1.157,92.811,50.544,15.514
2024-07-01,Arizona,3.511,99.186,12.623,67.02
2024-07-01,Arkansas,1.299,92.425,46.024,23.318
2024-07-01,California,3.466,97.527,15.069,64.018
2024-07-01,Colorado,1.411,78.276,23.823,33.984
2024-07-01,Connecticut,0.87,82.94,53.935,14.706
2024-07-01,Delaware,1.246,88.61,45.537,26.138
2024-07-01,Florida,1.189,93.421,51.788,8.522
2024-07-01,Georgia,1.228,93.182,48.889,12.664
2024-07-01,Idaho,1.371,77.116,25.585,45.657
2024-07-01,Illinois,0.948,83.833,51.356,16.146
2024-07-01,Indiana,0.869,82.941,52.02,17.387
2024-07-01,Iowa,0.661,79.045,56.489,7.358
2024-07-01,Kansas,1.22,86.838,41.128,18.65
2024-07-01,Kentucky,0.913,86.949,51.873,16.122
2024-07-01,Louisiana,1.19,94.175,51.899,11.318
2024-07-01,Maine,0.842,80.022,50.086,15.388
2024-07-01,Maryland,1.291,89.33,45.144,26.913
2024-07-01,Massachusetts,0.843,82.116,54.961,14.967
2024-07-01,Michigan,0.733,77.171,52.746,14.288
2024-07-01,Minnesota,0.615,76.051,53.511,8.447
2024-07-01,Mississippi,1.212,93.845,49.509,16.608
2024-07-01,Missouri,1.012,86.097,49.947,15.159
2024-07-01,Montana,0.944,72.951,34.706,15.226
2024-07-01,Nebraska,0.869,79.034,42.63,14.947
2024-07-01,Nevada,2.892,91.122,9.215,70.919
2024-07-01,New Hampshire,0.878,81.833,50.774,18.299
2024-07-01,New Jersey,1.1,86.855,47.854,20.959
2024-07-01,New Mexico,2.051,89.268,21.401,33.309
2024-07-01,New York,0.863,81.573,51.564,17.061
2024-07-01,North Carolina,1.169,89.706,47.131,19.007
2024-07-01,North Dakota,0.691,75.532,47.08,8.594
2024-07-01,Ohio,0.946,83.858,50.026,17.226
2024-07-01,Oklahoma,1.69,93.02,38.094,22.913
2024-07-01,Oregon,1.952,86.122,21.957,46.725
2024-07-01,Pennsylvania,1.036,84.209,47.838,19.887
2024-07-01,Rhode Island,0.748,81.196,57.321,12.355
2024-07-01,South Carolina,1.31,93.404,44.952,19.934
2024-07-01,South Dakota,0.876,76.991,40.499,8.948
2024-07-01,Tennessee,1.051,90.005,50.475,20.725
2024-07-01,Texas,1.993,96.378,34.086,32.57
2024-07-01,Utah,2.345,85.007,10.949,70.186
2024-07-01,Vermont,0.889,81.431,50.414,16.293
2024-07-01,Virginia,1.179,88.161,44.593,21.218
2024-07-01,Washington,1.594,82.431,30.33,38.386
2024-07-01,West Virginia,1.032,85.24,47.174,18.884
2024-07-01,Wisconsin,0.615,76.223,57.028,7.411
2024-07-01,Wyoming,1.126,72.56,24.2,40.149
2024-07-08,Alabama,1.277,93.084,45.909,14.929
2024-07-08,Arizona,3.893,101.484,9.492,62.52
2024-07-08,Arkansas,1.082,89.156,50.62,18.446
2024-07-08,California,3.412,97.278,17.25,59.515
2024-07-08,Colorado,2.137,86.194,15.469,40.777
2024-07-08,Connecticut,0.908,86.916,57.716,13.371
2024-07-08,Delaware,1.166,89.352,51.274,12.839
2024-07-08,Florida,1.124,92.81,52.368,8.569
2024-07-08,Georgia,1.325,93.955,45.261,17.959
2024-07-08,Idaho,2.407,90.764,17.249,50.656
2024-07-08,Illinois,0.863,85.23,56.838,11.616
2024-07-08,Indiana,0.897,84.661,55.341,9.603
2024-07-08,Iowa,0.837,84.807,53.443,18.006
2024-07-08,Kansas,2.09,93.625,27.337,33.764
2024-07-08,Kentucky,1.161,89.31,47.864,15.888
2024-07-08,Louisiana,1.131,91.437,51.234,11.217
2024-07-08,Maine,0.864,82.993,54.369,10.253
2024-07-08,Maryland,1.131,89.763,52.433,12.752
2024-07-08,Massachusetts,0.926,86.901,57.527,15.72
2024-07-08,Michigan,0.795,81.761,53.975,11.433
2024-07-08,Minnesota,0.821,83.423,49.771,14.707
2024-07-08,Mississippi,1.257,92.975,46.986,14.936
2024-07-08,Missouri,1.036,86.284,52.192,14.059
2024-07-08,Montana,2.1,90.313,20.238,36.866
2024-07-08,Nebraska,1.601,89.063,30.879,30.453
2024-07-08,Nevada,3.494,96.887,8.237,65.957
2024-07-08,New Hampshire,0.922,85.359,54.546,13.966
2024-07-08,New Jersey,1.114,88.72,52.093,12.386
2024-07-08,New Mexico,2.092,89.077,19.316,38.778
2024-07-08,New York,0.852,83.497,55.977,12.857
2024-07-08,North Carolina,1.168,90.325,50.11,14.586
2024-07-08,North Dakota,1.146,85.651,38.849,21.376
2024-07-08,Ohio,1.13,86.291,48.804,13.633
2024-07-08,Oklahoma,1.883,94.205,33.853,35.011
2024-07-08,Oregon,2.49,93.077,20.186,51.783
2024-07-08,Pennsylvania,1.13,87.353,48.923,17.29
2024-07-08,Rhode Island,0.835,85.874,59.73,13.886
2024-07-08,South Carolina,1.318,93.435,46.208,16.667
2024-07-08,South Dakota,1.512,88.835,32.635,25.495
2024-07-08,Tennessee,1.219,91.112,46.734,17.199
2024-07-08,Texas,1.674,93.32,37.495,30.058
2024-07-08,Utah,3.161,93.422,8.524,64.095
2024-07-08,Vermont,0.886,83.306,55.007,11.137
2024-07-08,Virginia,1.193,89.941,47.847,17.393
2024-07-08,Washington,2.168,90.712,26.357,44.269
2024-07-08,West Virginia,1.314,89.771,42.367,24.455
2024-07-08,Wisconsin,0.79,83.342,52.537,13.425
2024-07-08,Wyoming,2.223,87.286,13.037,50.85
2024-07-15,Alabama,0.982,89.437,53.654,3.467
2024-07-15,Arizona,3.172,98.159,17.388,38.773
2024-07-15,Arkansas,0.909,87.316,53.621,17.704
2024-07-15,California,2.853,93.095,20.585,58.962
2024-07-15,Colorado,1.573,81.93,24.793,17.095
2024-07-15,Connecticut,1.02,86.065,49.816,13.482
2024-07-15,Delaware,1.28,89.798,46.24,16.641
2024-07-15,Florida,1.118,92.634,51.879,4.915
2024-07-15,Georgia,1.083,90.942,50.493,3.998
2024-07-15,Idaho,2.228,89.517,19.955,50.864
2024-07-15,Illinois,0.685,82.262,56.652,16.816
2024-07-15,Indiana,0.74,82.124,54.699,14.922
2024-07-15,Iowa,0.708,80.847,53.047,16.702
2024-07-15,Kansas,1.504,88.653,36.515,23.365
2024-07-15,Kentucky,0.927,86.643,53.138,12.168
2024-07-15,Louisiana,1.059,90.395,52.621,9.152
2024-07-15,Maine,0.937,81.657,48.319,17.773
2024-07-15,Maryland,1.273,89.957,47.682,17.313
2024-07-15,Massachusetts,1.081,86.375,48.778,17.855
2024-07-15,Michigan,0.699,79.162,51.851,17.43
2024-07-15,Minnesota,0.701,78.724,49.572,16.779
2024-07-15,Mississippi,1.032,90.7,52.874,10.247
2024-07-15,Missouri,0.768,83.26,55.426,18.665
2024-07-15,Montana,1.924,88.438,22.374,37.085
2024-07-15,Nebraska,1.167,84.956,38.794,19.251
2024-07-15,Nevada,2.756,92.93,16.412,50.911
2024-07-15,New Hampshire,0.946,82.491,49.36,17.764
2024-07-15,New Jersey,1.239,89.024,45.873,15.785
2024-07-15,New Mexico,1.995,88.866,23.163,19.892
2024-07-15,New York,0.848,80.984,50.835,13.875
2024-07-15,North Carolina,1.064,89.254,51.876,7.134
2024-07-15,North Dakota,1.098,82.238,38.078,24.099
2024-07-15,Ohio,1.032,84.187,47.002,19.59
2024-07-15,Oklahoma,1.696,91.084,35.82,24.068
2024-07-15,Oregon,2.208,89.748,22.419,48.95
2024-07-15,Pennsylvania,1.119,85.243,45.545,17.915
2024-07-15,Rhode Island,1.034,86.565,49.336,17.721
2024-07-15,South Carolina,1.218,92.602,47.442,7.198
2024-07-15,South Dakota,1.14,83.862,37.732,20.727
2024-07-15,Tennessee,0.948,87.92,54.097,11.062
2024-07-15,Texas,1.888,94.388,34.285,28.875
2024-07-15,Utah,2.468,89.533,17.61,42.776
2024-07-15,Vermont,0.875,80.937,49.843,12.475
2024-07-15,Virginia,1.157,88.2,48.88,10.353
2024-07-15,Washington,2.081,88.868,27.545,44.123
2024-07-15,West Virginia,1.104,86.662,47.043,13.791
2024-07-15,Wisconsin,0.657,79.22,52.895,17.441
2024-07-15,Wyoming,1.66,82.917,21.285,29.193
2024-07-22,Alabama,0.875,87.1,57.533,3.414
2024-07-22,Arizona,3.063,97.659,18.477,45.545
2024-07-22,Arkansas,0.823,84.611,58.724,9.626
2024-07-22,California,2.839,92.969,20.644,61.046
2024-07-22,Colorado,1.756,84.042,21.177,34.18
2024-07-22,Connecticut,0.834,80.811,55.141,11.243
2024-07-22,Delaware,1.013,84.544,50.218,12.194
2024-07-22,Florida,1.136,92.399,51.731,4.45
2024-07-22,Georgia,0.974,89.532,53.643,6.335
2024-07-22,Idaho,1.836,84.399,22.967,44.98
2024-07-22,Illinois,0.894,84.228,53.122,11.853
2024-07-22,Indiana,0.876,82.919,52.098,15.863
2024-07-22,Iowa,0.885,84.808,53.206,18.22
2024-07-22,Kansas,1.822,91.826,30.173,30.764
2024-07-22,Kentucky,0.902,84.78,54.714,10.463
2024-07-22,Louisiana,0.84,86.265,60.174,2.987
2024-07-22,Maine,0.772,76.905,52.443,14.264
2024-07-22,Maryland,0.986,85.341,51.153,10.528
2024-07-22,Massachusetts,0.82,80.322,55.162,12.16
2024-07-22,Michigan,0.821,79.527,50.071,19.432
2024-07-22,Minnesota,0.714,81.742,54.351,19.866
2024-07-22,Mississippi,0.83,86.714,59.743,2.432
2024-07-22,Missouri,1.092,86.759,49.907,17.83
2024-07-22,Montana,2.192,88.275,17.495,48.103
2024-07-22,Nebraska,1.719,90.789,29.693,32.317
2024-07-22,Nevada,2.548,91.006,16.971,44.378
2024-07-22,New Hampshire,0.78,77.64,54.862,14.396
2024-07-22,New Jersey,1.053,84.387,49.249,16.542
2024-07-22,New Mexico,1.79,87.563,25.432,26.761
2024-07-22,New York,0.844,79.772,51.104,13.048
2024-07-22,North Carolina,0.772,85.122,57.538,4.973
2024-07-22,North Dakota,1.516,86.454,32.852,35.966
2024-07-22,Ohio,1.116,84.138,44.4,17.776
2024-07-22,Oklahoma,1.585,91.073,36.841,34.16
2024-07-22,Oregon,1.636,83.459,27.287,49.085
2024-07-22,Pennsylvania,1.014,82.466,46.319,15.975
2024-07-22,Rhode Island,0.778,80.514,55.716,8.932
2024-07-22,South Carolina,0.959,88.907,52.97,6.644
2024-07-22,South Dakota,1.744,90.646,31.426,33.155
2024-07-22,Tennessee,0.764,83.668,60.984,3.712
2024-07-22,Texas,1.373,89.561,43.639,24.079
2024-07-22,Utah,2.493,89.531,16.347,46.8
2024-07-22,Vermont,0.827,78.409,52.226,12.113
2024-07-22,Virginia,0.803,83.888,55.013,7.787
2024-07-22,Washington,1.286,77.687,34.228,47.766
2024-07-22,West Virginia,1.012,83.624,48.639,11.78
2024-07-22,Wisconsin,0.731,79.779,53.602,18.15
2024-07-22,Wyoming,1.921,84.471,17.852,40.042
2024-07-29,Alabama,1.122,92.883,50.514,12.758
2024-07-29,Arizona,3.07,97.167,17.764,45.141
2024-07-29,Arkansas,1.459,93.092,44.09,29.83
2024-07-29,California,2.59,91.091,21.485,58.68
2024-07-29,Colorado,2.249,88.667,14.351,45.865
2024-07-29,Connecticut,0.855,84.442,57.911,4.55
2024-07-29,Delaware,1.139,89.374,50.13,15.58
2024-07-29,Florida,1.088,91.933,53.229,3.89
2024-07-29,Georgia,0.997,91.777,51.467,7.218
2024-07-29,Idaho,1.811,84.4,25.044,38.421
2024-07-29,Illinois,0.731,87.31,59.289,11.42
2024-07-29,Indiana,0.711,85.99,59.811,10.09
2024-07-29,Iowa,0.843,87.432,53.829,16.753
2024-07-29,Kansas,2.329,96.939,24.888,36.05
2024-07-29,Kentucky,0.758,87.329,58.064,6.026
2024-07-29,Louisiana,1.284,94.2,49.316,18.717
2024-07-29,Maine,0.802,81.269,56.893,10.28
2024-07-29,Maryland,1.121,89.885,50.548,14.267
2024-07-29,Massachusetts,0.894,84.165,56.826,11.126
2024-07-29,Michigan,0.788,84.487,53.107,14.059
2024-07-29,Minnesota,0.705,82.946,51.204,12.927
2024-07-29,Mississippi,1.288,93.983,48.12,22.157
2024-07-29,Missouri,1.389,91.568,44.796,24.879
2024-07-29,Montana,1.982,86.562,21.882,41.165
2024-07-29,Nebraska,2.089,94.188,24.162,34.872
2024-07-29,Nevada,2.649,91.089,14.222,62.833
2024-07-29,New Hampshire,0.822,81.591,58.081,7.108
2024-07-29,New Jersey,1.123,88.668,50.444,12.09
2024-07-29,New Mexico,2.297,92.43,20.156,31.273
2024-07-29,New York,0.829,83.151,56.135,9.563
2024-07-29,North Carolina,0.911,88.027,54.331,9.276
2024-07-29,North Dakota,1.597,86.041,28.231,30.044
2024-07-29,Ohio,0.922,86.241,53.529,9.598
2024-07-29,Oklahoma,2.443,98.03,26.047,42.191
2024-07-29,Oregon,1.777,86.22,29.733,37.583
2024-07-29,Pennsylvania,1.016,85.581,51.298,9.468
2024-07-29,Rhode Island,0.799,84.169,57.41,7.794
2024-07-29,South Carolina,0.969,90.611,52.256,8.936
2024-07-29,South Dakota,1.769,91.407,30.632,28.358
2024-07-29,Tennessee,0.914,89.156,54.783,12.52
2024-07-29,Texas,2.159,97.314,31.984,38.325
2024-07-29,Utah,2.766,90.605,11.7,60.83
2024-07-29,Vermont,0.876,82.457,55.785,7.182
2024-07-29,Virginia,0.998,87.544,51.003,10.395
2024-07-29,Washington,1.527,83.174,37.772,35.652
2024-07-29,West Virginia,0.971,85.375,52.364,9.81
2024-07-29,Wisconsin,0.726,84.633,54.431,11.727
2024-07-29,Wyoming,2.219,86.935,12.821,54.689
2024-08-05,Alabama,1.231,92.162,45.57,22.963
2024-08-05,Arizona,2.544,94.878,24.808,29.899
2024-08-05,Arkansas,1.401,88.916,40.729,27.706
2024-08-05,California,2.883,93.462,18.806,62.83
2024-08-05,Colorado,1.306,79.402,33.431,16.359
2024-08-05,Connecticut,0.528,78.263,62.509,6.546
2024-08-05,Delaware,0.908,85.015,53.528,9.599
2024-08-05,Florida,1.07,91.896,55.874,8.571
2024-08-05,Georgia,1.108,90.966,50.972,15.84
2024-08-05,Idaho,1.8,83.576,21.543,43.819
2024-08-05,Illinois,0.792,80.073,50.658,23.969
2024-08-05,Indiana,0.808,81.012,50.819,22.064
2024-08-05,Iowa,0.808,77.201,44.062,24.086
2024-08-05,Kansas,1.308,81.972,39.854,25.427
2024-08-05,Kentucky,0.932,85.121,49.764,19.509
2024-08-05,Louisiana,1.46,94.641,43.48,23.402
2024-08-05,Maine,0.616,75.524,53.063,12.481
2024-08-05,Maryland,0.871,85.332,55.654,10.138
2024-08-05,Massachusetts,0.51,77.658,62.226,6.853
2024-08-05,Michigan,0.519,73.303,54.425,15.652
2024-08-05,Minnesota,0.499,70.441,50.483,17.766
2024-08-05,Mississippi,1.392,92.13,42.173,27.252
2024-08-05,Missouri,1.144,82.35,42.222,26.756
2024-08-05,Montana,0.97,74.444,36.582,23.209
2024-08-05,Nebraska,1.067,77.356,38.187,26.909
2024-08-05,Nevada,2.813,92.745,14.075,65.425
2024-08-05,New Hampshire,0.482,74.808,60.124,6.635
2024-08-05,New Jersey,0.824,82.75,55.273,10.02
2024-08-05,New Mexico,2.02,89.868,23.957,30.054
2024-08-05,New York,0.486,74.672,62.053,6.31
2024-08-05,North Carolina,0.748,84.591,59.967,5.48
2024-08-05,North Dakota,0.675,71.247,40.757,23.795
2024-08-05,Ohio,0.929,82.566,48.408,21.397
2024-08-05,Oklahoma,1.958,91.762,31.585,29.042
2024-08-05,Oregon,1.833,85.822,23.764,50.442
2024-08-05,Pennsylvania,0.691,78.848,56.496,9.105
2024-08-05,Rhode Island,0.463,78.162,62.097,7.281
2024-08-05,South Carolina,0.769,86.237,60.809,4.696
2024-08-05,South Dakota,0.877,75.14,36.837,25.678
2024-08-05,Tennessee,0.924,86.722,50.402,22.169
2024-08-05,Texas,2.238,97.486,30.141,37.833
2024-08-05,Utah,2.381,89.148,19.857,35.084
2024-08-05,Vermont,0.479,73.727,60.267,6.438
2024-08-05,Virginia,0.829,84.636,54.495,11.735
2024-08-05,Washington,1.582,83.214,32.112,42.263
2024-08-05,West Virginia,1.112,85.467,45.755,17.59
2024-08-05,Wisconsin,0.536,72.447,52.384,16.744
2024-08-05,Wyoming,1.222,76.892,31.179,27.63
2024-08-12,Alabama,1.453,93.83,41.419,16.615
2024-08-12,Arizona,2.519,93.894,24.178,40.269
2024-08-12,Arkansas,1.459,93.752,42.661,18.487
2024-08-12,California,2.168,86.304,23.709,63.704
2024-08-12,Colorado,1.505,81.518,26.658,20.293
2024-08-12,Connecticut,0.788,78.432,52.934,10.115
2024-08-12,Delaware,1.022,83.683,46.495,15.699
2024-08-12,Florida,1.191,93.028,50.393,12.243
2024-08-12,Georgia,1.208,91.916,45.053,16.14
2024-08-12,Idaho,1.49,79.523,25.633,37.507
2024-08-12,Illinois,0.746,81.794,54.76,13.155
2024-08-12,Indiana,0.869,81.738,50.888,10.846
2024-08-12,Iowa,0.585,78.693,57.269,15.822
2024-08-12,Kansas,1.429,90.397,38.93,20.229
2024-08-12,Kentucky,1.006,85.469,47.742,11.96
2024-08-12,Louisiana,1.533,96.722,44.371,17.032
2024-08-12,Maine,0.612,74.11,56.853,16.332
2024-08-12,Maryland,1.056,84.516,45.239,14.66
2024-08-12,Massachusetts,0.73,77.647,53.802,11.998
2024-08-12,Michigan,0.656,78.202,53.356,10.932
2024-08-12,Minnesota,0.588,77.417,52.482,13.414
2024-08-12,Mississippi,1.632,96.035,40.131,18.767
2024-08-12,Missouri,0.929,84.874,53.094,15.45
2024-08-12,Montana,1.411,81.712,27.658,22.376
2024-08-12,Nebraska,1.065,82.772,40.79,23.222
2024-08-12,Nevada,2.298,86.195,13.955,70.133
2024-08-12,New Hampshire,0.53,73.183,61.329,11.644
2024-08-12,New Jersey,1.06,83.042,45.008,16.212
2024-08-12,New Mexico,2.17,91.148,21.048,32.11
2024-08-12,New York,0.704,77.361,54.237,11.007
2024-08-12,North Carolina,0.816,85.06,52.064,10.9
2024-08-12,North Dakota,0.74,77.801,47.112,23.828
2024-08-12,Ohio,1.099,82.585,42.99,13.996
2024-08-12,Oklahoma,2.095,98.316,33.352,30.281
2024-08-12,Oregon,1.209,77.424,32.504,38.54
2024-08-12,Pennsylvania,0.84,79.001,49.35,13.039
2024-08-12,Rhode Island,0.729,78.468,51.55,8.859
2024-08-12,South Carolina,0.906,88.557,51.077,11.97
2024-08-12,South Dakota,1.004,81.406,40.552,25.514
2024-08-12,Tennessee,1.085,88.111,47.254,15.364
2024-08-12,Texas,2.434,99.376,29.047,44.484
2024-08-12,Utah,1.677,82.148,27.323,28.434
2024-08-12,Vermont,0.634,74.851,58.153,13.035
2024-08-12,Virginia,0.954,83.534,45.78,15.176
2024-08-12,Washington,1.076,76.011,40.649,33.349
2024-08-12,West Virginia,1.073,82.312,43.349,15.157
2024-08-12,Wisconsin,0.642,78.366,54.31,11.528
2024-08-12,Wyoming,1.455,79.755,24.297,27.808
2024-08-19,Alabama,1.257,89.809,39.936,25.639
2024-08-19,Arizona,2.457,92.445,23.841,40.129
2024-08-19,Arkansas,1.357,88.461,37.875,29.958
2024-08-19,California,1.937,81.509,25.404,58.546
2024-08-19,Colorado,1.449,80.772,29.379,15.736
2024-08-19,Connecticut,0.794,76.312,46.487,16.763
2024-08-19,Delaware,0.93,79.273,41.684,21.525
2024-08-19,Florida,1.074,90.94,52.371,7.761
2024-08-19,Georgia,0.977,87.677,46.727,23.288
2024-08-19,Idaho,1.34,75.93,25.747,44.148
2024-08-19,Illinois,1.029,81.289,41.912,25.87
2024-08-19,Indiana,1.084,80.188,38.944,24.729
2024-08-19,Iowa,0.846,80.645,47.217,26.289
2024-08-19,Kansas,1.646,90.041,34.391,30.796
2024-08-19,Kentucky,1.047,82.424,40.535,22.165
2024-08-19,Louisiana,1.316,92.434,44.158,23.035
2024-08-19,Maine,0.561,71.579,56.999,9.487
2024-08-19,Maryland,0.975,79.833,40.279,20.39
2024-08-19,Massachusetts,0.736,76.146,48.623,18.866
2024-08-19,Michigan,0.736,76.257,44.955,21.706
2024-08-19,Minnesota,0.599,79.21,52.971,20.318
2024-08-19,Mississippi,1.513,91.719,35.513,30.79
2024-08-19,Missouri,1.091,83.229,42.375,28.086
2024-08-19,Montana,1.443,81.619,26.941,26.758
2024-08-19,Nebraska,1.362,86.936,36.132,30.319
2024-08-19,Nevada,1.941,79.619,16.978,70.738
2024-08-19,New Hampshire,0.524,70.976,57.284,11.666
2024-08-19,New Jersey,0.987,79.075,39.484,22.261
2024-08-19,New Mexico,2.302,91.394,18.938,35.074
2024-08-19,New York,0.598,71.413,53.648,13.757
2024-08-19,North Carolina,0.816,81.035,45.531,18.783
2024-08-19,North Dakota,0.937,83.44,43.061,29.016
2024-08-19,Ohio,1.186,78.913,34.556,25.785
2024-08-19,Oklahoma,2.185,96.136,30.226,46.132
2024-08-19,Oregon,0.955,71.255,37.534,32.869
2024-08-19,Pennsylvania,0.784,74.263,45.336,18.445
2024-08-19,Rhode Island,0.742,77.017,46.182,18.8
2024-08-19,South Carolina,0.872,84.956,46.984,21.274
2024-08-19,South Dakota,1.225,85.82,40.645,25.55
2024-08-19,Tennessee,1.153,85.263,40.004,25.903
2024-08-19,Texas,2.803,100.827,24.215,49.204
2024-08-19,Utah,1.708,81.039,25.618,39.957
2024-08-19,Vermont,0.51,69.824,58.32,10.047
2024-08-19,Virginia,0.912,79.154,39.89,19.28
2024-08-19,Washington,0.809,69.52,47.187,24.424
2024-08-19,West Virginia,1.033,78.259,37.975,21.536
2024-08-19,Wisconsin,0.667,77.884,49.276,21.068
2024-08-19,Wyoming,1.68,81.598,21.032,41.873
2024-08-26,Alabama,1.498,94.644,40.461,15.846
2024-08-26,Arizona,2.813,92.808,15.746,43.794
2024-08-26,Arkansas,1.541,92.937,40.402,17.792
2024-08-26,California,2.629,89.971,16.11,56.343
2024-08-26,Colorado,1.48,79.106,20.939,35.494
2024-08-26,Connecticut,0.665,78.811,55.598,16.272
2024-08-26,Delaware,0.958,84.697,52.515,21.885
2024-08-26,Florida,1.177,91.682,50.681,6.985
2024-08-26,Georgia,1.231,93.765,44.706,17.36
2024-08-26,Idaho,1.577,77.734,16.852,49.338
2024-08-26,Illinois,1.311,89.071,42.937,18.346
2024-08-26,Indiana,1.369,89.208,42.398,20.222
2024-08-26,Iowa,1.137,85.486,41.233,19.213
2024-08-26,Kansas,1.745,90.731,29.176,27.922
2024-08-26,Kentucky,1.579,92.667,39.434,18.181
2024-08-26,Louisiana,1.182,90.002,51.027,8.967
2024-08-26,Maine,0.578,73.333,53.007,12.985
2024-08-26,Maryland,0.948,85.372,53.424,12.871
2024-08-26,Massachusetts,0.697,78.153,53.21,20.14
2024-08-26,Michigan,0.668,79.933,54.054,15.392
2024-08-26,Minnesota,0.626,77.622,47.356,17.238
2024-08-26,Mississippi,1.473,93.881,43.031,13.845
2024-08-26,Missouri,1.549,90.897,38.865,22.563
2024-08-26,Montana,1.31,76.776,24.895,35.912
2024-08-26,Nebraska,1.583,86.622,24.827,29.958
2024-08-26,Nevada,2.309,85.848,11.377,60.751
2024-08-26,New Hampshire,0.575,74.692,54.665,15.321
2024-08-26,New Jersey,0.881,82.647,52.924,17.004
2024-08-26,New Mexico,1.378,82.047,29.696,21.221
2024-08-26,New York,0.563,76.939,59.533,13.091
2024-08-26,North Carolina,0.999,90.035,49.203,13.825
2024-08-26,North Dakota,0.952,75.498,33.168,31.056
2024-08-26,Ohio,1.534,89.937,38.458,20.532
2024-08-26,Oklahoma,1.803,93.198,33.565,31.639
2024-08-26,Oregon,1.716,82.446,19.77,42.243
2024-08-26,Pennsylvania,0.801,82.179,54.707,13.39
2024-08-26,Rhode Island,0.695,79.157,51.013,17.308
2024-08-26,South Carolina,1.048,92.274,48.067,16.203
2024-08-26,South Dakota,1.228,81.662,30.478,30.879
2024-08-26,Tennessee,1.609,93.32,38.653,15.999
2024-08-26,Texas,1.564,91.073,38.582,23.626
2024-08-26,Utah,2.017,82.27,13.037,49.748
2024-08-26,Vermont,0.564,74.613,56.077,13.681
2024-08-26,Virginia,1.03,87.623,48.759,12.629
2024-08-26,Washington,1.436,78.749,28.068,34.515
2024-08-26,West Virginia,1.362,89.331,42.445,13.225
2024-08-26,Wisconsin,0.494,78.765,58.864,13.626
2024-08-26,Wyoming,1.522,77.362,16.163,45.633
2024-09-02,Alabama,1.008,85.557,50.367,20.64
2024-09-02,Arizona,3.033,94.194,14.318,54.488
2024-09-02,Arkansas,1.187,83.856,38.963,28.206
2024-09-02,California,2.964,92.741,14.426,60.143
2024-09-02,Colorado,1.432,77.995,21.605,32.345
2024-09-02,Connecticut,0.672,73.102,45.937,21.383
2024-09-02,Delaware,0.861,76.514,40.483,29.857
2024-09-02,Florida,1.031,89.381,55.739,4.854
2024-09-02,Georgia,0.777,83.6,55.652,18.769
2024-09-02,Idaho,1.734,81.262,18.379,45.239
2024-09-02,Illinois,1.166,77.653,30.445,29.076
2024-09-02,Indiana,1.111,77.068,32.963,28.086
2024-09-02,Iowa,1.073,75.907,30.152,30.871
2024-09-02,Kansas,1.499,84.137,26.284,38.054
2024-09-02,Kentucky,1.146,80.915,35.743,25.363
2024-09-02,Louisiana,0.859,84.732,57.244,11.839
2024-09-02,Maine,0.598,69.655,49.118,23.632
2024-09-02,Maryland,0.811,76.38,43.042,27.077
2024-09-02,Massachusetts,0.755,73.363,43.449,24.092
2024-09-02,Michigan,0.662,70.161,44.558,21.814
2024-09-02,Minnesota,0.791,73.218,38.357,25.176
2024-09-02,Mississippi,1.069,85.763,48.704,20.175
2024-09-02,Missouri,1.357,80.617,27.475,34.428
2024-09-02,Montana,1.701,83.014,18.315,38.548
2024-09-02,Nebraska,1.507,82.334,22.444,43.935
2024-09-02,Nevada,2.49,87.525,11.2,66.712
2024-09-02,New Hampshire,0.609,69.669,47.398,22.89
2024-09-02,New Jersey,0.818,75.133,40.352,25.067
2024-09-02,New Mexico,1.286,80.661,29.232,32.95
2024-09-02,New York,0.636,69.829,47.08,19.119
2024-09-02,North Carolina,0.574,78.603,54.696,18.094
2024-09-02,North Dakota,1.288,78.852,24.713,37.991
2024-09-02,Ohio,1.176,76.758,29.972,28.653
2024-09-02,Oklahoma,1.558,86.162,29.398,38.578
2024-09-02,Oregon,1.834,84.344,20.952,46.149
2024-09-02,Pennsylvania,0.791,71.975,39.105,21.578
2024-09-02,Rhode Island,0.724,73.967,42.594,22.306
2024-09-02,South Carolina,0.706,81.872,54.7,17.456
2024-09-02,South Dakota,1.518,81.623,23.095,41.502
2024-09-02,Tennessee,1.067,82.772,40.955,25.914
2024-09-02,Texas,1.084,84.127,46.113,23.969
2024-09-02,Utah,2.0,82.901,16.087,48.569
2024-09-02,Vermont,0.582,68.731,49.292,20.718
2024-09-02,Virginia,0.721,76.079,43.552,23.892
2024-09-02,Washington,1.696,83.476,28.238,41.033
2024-09-02,West Virginia,1.057,76.164,33.172,25.353
2024-09-02,Wisconsin,0.673,71.338,43.333,20.805
2024-09-02,Wyoming,1.609,78.794,16.884,38.807
2024-09-09,Alabama,0.773,81.156,57.871,9.58
2024-09-09,Arizona,2.629,91.292,15.015,67.522
2024-09-09,Arkansas,0.917,79.778,50.322,17.968
2024-09-09,California,1.972,82.435,22.053,62.676
2024-09-09,Colorado,1.614,78.956,16.95,42.529
2024-09-09,Connecticut,0.838,77.39,41.849,24.122
2024-09-09,Delaware,1.048,80.302,38.333,31.192
2024-09-09,Florida,0.896,87.622,59.139,4.457
2024-09-09,Georgia,0.646,79.638,60.891,12.84
2024-09-09,Idaho,1.08,69.808,31.232,33.998
2024-09-09,Illinois,1.525,83.964,28.415,29.86
2024-09-09,Indiana,1.652,84.728,24.958,31.851
2024-09-09,Iowa,1.509,83.062,27.788,39.259
2024-09-09,Kansas,1.951,89.112,21.827,50.649
2024-09-09,Kentucky,1.315,83.585,34.559,21.552
2024-09-09,Louisiana,0.8,83.432,56.957,11.34
2024-09-09,Maine,0.678,72.017,44.657,24.213
2024-09-09,Maryland,1.05,80.83,39.258,28.379
2024-09-09,Massachusetts,0.937,77.166,38.974,27.221
2024-09-09,Michigan,1.046,80.536,36.485,27.055
2024-09-09,Minnesota,0.974,80.68,40.453,29.881
2024-09-09,Mississippi,0.839,81.76,55.43,10.08
2024-09-09,Missouri,1.334,82.197,35.658,31.987
2024-09-09,Montana,1.108,71.978,31.154,31.839
2024-09-09,Nebraska,1.893,87.242,19.631,53.61
2024-09-09,Nevada,1.843,79.38,14.984,65.683
2024-09-09,New Hampshire,0.783,74.031,42.181,24.423
2024-09-09,New Jersey,1.0,79.409,37.623,28.262
2024-09-09,New Mexico,1.986,85.871,15.11,43.765
2024-09-09,New York,0.741,75.677,45.632,18.357
2024-09-09,North Carolina,0.775,78.655,51.259,16.266
2024-09-09,North Dakota,1.281,80.704,29.449,32.167
2024-09-09,Ohio,1.578,84.118,25.494,34.961
2024-09-09,Oklahoma,1.885,90.145,23.62,45.218
2024-09-09,Oregon,0.892,69.761,38.739,29.059
2024-09-09,Pennsylvania,0.977,78.386,37.626,24.951
2024-09-09,Rhode Island,0.954,77.482,37.122,26.723
2024-09-09,South Carolina,0.82,81.123,51.588,17.617
2024-09-09,South Dakota,1.778,86.439,21.891,38.307
2024-09-09,Tennessee,1.06,81.251,45.139,18.67
2024-09-09,Texas,1.723,90.628,30.588,35.404
2024-09-09,Utah,1.722,78.206,16.54,57.051
2024-09-09,Vermont,0.746,73.611,44.678,20.667
2024-09-09,Virginia,0.962,79.125,40.174,27.659
2024-09-09,Washington,0.788,68.549,44.791,27.448
2024-09-09,West Virginia,1.342,81.574,29.269,32.195
2024-09-09,Wisconsin,0.962,80.84,41.678,25.598
2024-09-09,Wyoming,1.475,75.064,16.361,49.904
2024-09-16,Alabama,1.084,88.298,45.194,18.043
2024-09-16,Arizona,1.725,81.334,21.533,53.196
2024-09-16,Arkansas,1.079,87.964,47.544,20.128
2024-09-16,California,1.315,75.106,31.835,45.678
2024-09-16,Colorado,1.106,70.538,26.918,29.917
2024-09-16,Connecticut,0.718,74.395,50.041,24.916
2024-09-16,Delaware,0.799,78.057,51.671,19.298
2024-09-16,Florida,0.973,89.583,52.831,10.216
2024-09-16,Georgia,1.059,87.388,45.242,18.801
2024-09-16,Idaho,0.662,64.453,40.541,24.963
2024-09-16,Illinois,1.443,86.563,34.835,21.955
2024-09-16,Indiana,1.579,86.274,30.976,24.391
2024-09-16,Iowa,1.335,83.235,35.031,28.665
2024-09-16,Kansas,1.435,85.815,36.947,21.544
2024-09-16,Kentucky,1.249,86.05,41.363,17.7
2024-09-16,Louisiana,0.994,90.277,51.297,16.573
2024-09-16,Maine,0.681,74.011,49.389,25.099
2024-09-16,Maryland,0.676,77.664,56.437,12.661
2024-09-16,Massachusetts,0.645,71.962,55.603,19.956
2024-09-16,Michigan,1.046,80.123,37.402,21.538
2024-09-16,Minnesota,0.926,77.775,40.736,24.704
2024-09-16,Mississippi,1.052,89.239,46.964,17.595
2024-09-16,Missouri,1.189,86.349,44.983,21.369
2024-09-16,Montana,0.783,67.996,36.787,23.958
2024-09-16,Nebraska,1.401,81.112,27.066,41.511
2024-09-16,Nevada,1.04,68.804,31.329,40.984
2024-09-16,New Hampshire,0.672,72.999,51.583,20.476
2024-09-16,New Jersey,0.837,77.401,47.244,28.454
2024-09-16,New Mexico,1.335,79.312,28.607,33.04
2024-09-16,New York,0.788,77.588,46.401,21.013
2024-09-16,North Carolina,0.664,79.775,57.675,8.853
2024-09-16,North Dakota,0.802,74.398,38.891,27.701
2024-09-16,Ohio,1.507,85.899,31.171,26.554
2024-09-16,Oklahoma,1.825,92.194,34.027,35.175
2024-09-16,Oregon,0.765,68.169,38.413,28.736
2024-09-16,Pennsylvania,0.768,77.157,49.146,18.111
2024-09-16,Rhode Island,0.637,71.07,54.838,20.684
2024-09-16,South Carolina,0.858,83.555,51.825,13.198
2024-09-16,South Dakota,1.257,79.28,27.737,41.472
2024-09-16,Tennessee,1.108,85.94,44.53,18.584
2024-09-16,Texas,1.627,92.754,37.707,34.621
2024-09-16,Utah,1.201,70.638,23.461,48.219
2024-09-16,Vermont,0.761,75.583,47.299,22.791
2024-09-16,Virginia,0.621,77.178,58.111,7.985
2024-09-16,Washington,0.802,68.745,38.757,34.231
2024-09-16,West Virginia,1.141,81.365,42.238,14.305
2024-09-16,Wisconsin,0.939,79.415,41.955,19.107
2024-09-16,Wyoming,1.012,68.112,24.476,45.762
2024-09-23,Alabama,0.812,82.06,54.287,13.852
2024-09-23,Arizona,3.049,93.78,10.325,58.459
2024-09-23,Arkansas,0.922,80.498,46.607,21.663
2024-09-23,California,2.429,87.312,15.291,54.684
2024-09-23,Colorado,1.506,77.829,17.498,42.924
2024-09-23,Connecticut,0.342,67.04,67.164,15.184
2024-09-23,Delaware,0.437,73.311,68.646,13.551
2024-09-23,Florida,0.919,88.987,56.358,9.294
2024-09-23,Georgia,0.81,84.75,55.795,12.394
2024-09-23,Idaho,1.333,75.929,22.013,43.943
2024-09-23,Illinois,0.645,73.651,56.18,15.574
2024-09-23,Indiana,0.507,73.044,64.394,6.848
2024-09-23,Iowa,1.118,78.051,31.757,28.911
2024-09-23,Kansas,1.321,81.68,28.976,31.6
2024-09-23,Kentucky,0.468,74.429,67.85,2.661
2024-09-23,Louisiana,1.089,87.167,44.44,20.47
2024-09-23,Maine,0.354,63.059,61.179,14.551
2024-09-23,Maryland,0.458,74.986,68.664,8.169
2024-09-23,Massachusetts,0.421,67.197,62.025,18.128
2024-09-23,Michigan,0.554,72.589,51.204,19.235
2024-09-23,Minnesota,1.093,77.294,29.134,29.513
2024-09-23,Mississippi,0.867,83.352,50.391,17.47
2024-09-23,Missouri,0.749,75.14,51.18,20.482
2024-09-23,Montana,1.441,78.808,21.194,43.149
2024-09-23,Nebraska,1.776,84.556,15.398,47.17
2024-09-23,Nevada,2.133,83.679,11.481,59.233
2024-09-23,New Hampshire,0.369,63.814,61.799,15.302
2024-09-23,New Jersey,0.335,69.072,72.569,11.907
2024-09-23,New Mexico,1.721,83.683,18.134,39.533
2024-09-23,New York,0.373,67.569,66.262,8.742
2024-09-23,North Carolina,0.533,80.11,64.671,6.669
2024-09-23,North Dakota,1.524,81.533,20.248,43.335
2024-09-23,Ohio,0.446,72.984,69.272,3.911
2024-09-23,Oklahoma,1.255,83.19,33.506,30.507
2024-09-23,Oregon,1.194,76.443,28.02,37.896
2024-09-23,Pennsylvania,0.263,67.506,77.482,2.55
2024-09-23,Rhode Island,0.41,67.236,61.456,20.203
2024-09-23,South Carolina,0.72,84.534,58.34,11.487
2024-09-23,South Dakota,1.867,85.02,15.325,48.415
2024-09-23,Tennessee,0.59,75.664,63.463,3.475
2024-09-23,Texas,1.525,88.11,31.331,30.43
2024-09-23,Utah,1.962,81.417,12.855,56.032
2024-09-23,Vermont,0.379,64.718,61.955,12.524
2024-09-23,Virginia,0.389,75.154,69.556,3.454
2024-09-23,Washington,0.81,69.946,40.901,30.855
2024-09-23,West Virginia,0.541,74.787,64.739,2.513
2024-09-23,Wisconsin,0.795,75.236,40.075,22.855
2024-09-23,Wyoming,1.695,79.155,12.615,57.829
2024-09-30,Alabama,0.897,83.918,50.129,19.222
2024-09-30,Arizona,3.158,93.899,7.418,63.456
2024-09-30,Arkansas,1.328,85.798,33.282,29.304
2024-09-30,California,3.01,91.76,8.979,60.21
2024-09-30,Colorado,1.535,75.771,11.091,55.471
2024-09-30,Connecticut,0.653,70.904,46.066,20.671
2024-09-30,Delaware,0.667,74.012,52.488,20.676
2024-09-30,Florida,0.964,87.642,55.831,7.978
2024-09-30,Georgia,0.814,83.895,52.806,19.382
2024-09-30,Idaho,1.124,67.634,14.731,49.874
2024-09-30,Illinois,1.01,77.107,33.333,26.982
2024-09-30,Indiana,0.937,76.843,37.38,25.493
2024-09-30,Iowa,1.232,75.428,21.77,43.338
2024-09-30,Kansas,1.664,83.755,19.005,45.702
2024-09-30,Kentucky,0.862,79.555,45.548,17.493
2024-09-30,Louisiana,1.129,86.795,45.349,22.844
2024-09-30,Maine,0.481,64.039,50.555,16.148
2024-09-30,Maryland,0.584,73.872,57.782,14.799
2024-09-30,Massachusetts,0.647,69.879,45.636,22.489
2024-09-30,Michigan,0.645,68.838,39.667,26.382
2024-09-30,Minnesota,0.877,66.187,25.656,42.981
2024-09-30,Mississippi,1.037,85.486,45.475,22.411
2024-09-30,Missouri,1.265,80.984,29.484,33.945
2024-09-30,Montana,0.971,65.759,19.766,49.09
2024-09-30,Nebraska,1.394,75.742,13.994,58.555
2024-09-30,Nevada,2.143,82.569,8.379,63.106
2024-09-30,New Hampshire,0.557,66.724,46.747,18.133
2024-09-30,New Jersey,0.686,72.835,49.445,23.266
2024-09-30,New Mexico,1.861,83.016,13.062,52.229
2024-09-30,New York,0.59,69.443,47.301,15.075
2024-09-30,North Carolina,0.754,79.403,53.054,14.64
2024-09-30,North Dakota,0.9,65.118,20.628,58.186
2024-09-30,Ohio,0.856,75.742,41.967,18.881
2024-09-30,Oklahoma,1.805,88.356,22.632,41.616
2024-09-30,Oregon,1.199,71.799,17.324,43.139
2024-09-30,Pennsylvania,0.558,69.8,53.293,11.822
2024-09-30,Rhode Island,0.681,69.937,43.459,23.666
2024-09-30,South Carolina,0.818,83.012,51.333,20.116
2024-09-30,South Dakota,1.205,70.59,15.401,61.588
2024-09-30,Tennessee,0.868,81.242,47.658,17.352
2024-09-30,Texas,1.763,89.599,26.711,38.448
2024-09-30,Utah,1.918,79.008,8.385,63.183
2024-09-30,Vermont,0.595,67.598,45.603,16.537
2024-09-30,Virginia,0.623,75.077,56.053,10.754
2024-09-30,Washington,0.707,62.499,31.895,30.406
2024-09-30,West Virginia,0.77,75.18,47.283,10.888
2024-09-30,Wisconsin,0.736,68.106,34.63,30.792
2024-09-30,Wyoming,1.248,69.238,11.455,66.497
2024-10-07,Alabama,1.191,82.126,31.922,26.63
2024-10-07,Arizona,2.85,90.262,7.325,66.455
2024-10-07,Arkansas,1.514,82.854,23.345,35.663
2024-10-07,California,2.113,82.562,16.986,58.666
2024-10-07,Colorado,1.447,73.456,12.285,54.101
2024-10-07,Connecticut,0.661,64.538,38.035,25.212
2024-10-07,Delaware,0.963,72.344,31.363,35.78
2024-10-07,Florida,0.816,81.952,54.83,12.492
2024-10-07,Georgia,0.991,80.02,37.173,24.928
2024-10-07,Idaho,1.208,71.006,18.066,46.608
2024-10-07,Illinois,1.212,76.093,22.999,32.089
2024-10-07,Indiana,1.063,73.794,26.57,29.311
2024-10-07,Iowa,1.224,74.154,21.085,40.316
2024-10-07,Kansas,1.659,82.202,16.171,45.754
2024-10-07,Kentucky,0.99,75.371,31.024,25.463
2024-10-07,Louisiana,1.352,85.092,32.609,30.253
2024-10-07,Maine,0.363,54.185,51.563,13.067
2024-10-07,Maryland,0.895,72.408,34.183,29.757
2024-10-07,Massachusetts,0.565,61.543,42.602,21.536
2024-10-07,Michigan,0.554,62.327,39.217,22.994
2024-10-07,Minnesota,0.799,65.439,30.751,31.501
2024-10-07,Mississippi,1.352,83.78,29.289,30.634
2024-10-07,Missouri,1.438,79.153,20.158,37.631
2024-10-07,Montana,1.062,69.035,20.982,43.405
2024-10-07,Nebraska,1.453,76.742,13.991,53.421
2024-10-07,Nevada,1.85,78.434,9.927,64.254
2024-10-07,New Hampshire,0.402,54.913,50.661,17.722
2024-10-07,New Jersey,0.916,70.599,31.263,33.482
2024-10-07,New Mexico,1.942,82.378,9.553,53.228
2024-10-07,New York,0.41,57.212,49.792,14.873
2024-10-07,North Carolina,0.862,74.914,36.872,23.789
2024-10-07,North Dakota,1.092,69.522,20.53,44.853
2024-10-07,Ohio,0.82,69.15,32.017,26.039
2024-10-07,Oklahoma,2.018,87.328,16.428,46.303
2024-10-07,Oregon,1.001,71.177,27.398,37.297
2024-10-07,Pennsylvania,0.646,64.475,38.504,20.847
2024-10-07,Rhode Island,0.613,63.252,38.677,22.877
2024-10-07,South Carolina,0.922,77.763,37.07,25.027
2024-10-07,South Dakota,1.374,73.986,15.468,51.591
2024-10-07,Tennessee,1.051,77.677,31.63,24.956
2024-10-07,Texas,2.149,90.59,18.178,44.481
2024-10-07,Utah,1.777,77.088,10.315,63.2
2024-10-07,Vermont,0.387,54.782,50.163,14.08
2024-10-07,Virginia,0.861,72.556,32.741,23.796
2024-10-07,Washington,0.738,65.338,34.686,29.668
2024-10-07,West Virginia,0.829,69.939,30.115,26.115
2024-10-07,Wisconsin,0.636,63.685,38.27,23.778
2024-10-07,Wyoming,1.284,70.818,12.958,58.192
2024-10-14,Alabama,0.926,71.692,27.86,30.434
2024-10-14,Arizona,1.476,73.795,23.119,53.21
2024-10-14,Arkansas,1.092,71.575,20.656,39.39
2024-10-14,California,1.313,72.151,23.901,54.563
2024-10-14,Colorado,0.796,62.372,32.128,34.065
2024-10-14,Connecticut,0.657,62.301,33.649,30.226
2024-10-14,Delaware,0.787,65.877,29.992,35.48
2024-10-14,Florida,0.87,80.026,46.116,23.732
2024-10-14,Georgia,0.892,71.968,29.537,30.495
2024-10-14,Idaho,0.688,59.05,33.718,27.585
2024-10-14,Illinois,0.862,65.109,23.242,34.403
2024-10-14,Indiana,0.723,63.177,30.407,25.136
2024-10-14,Iowa,1.043,66.205,18.875,48.898
2024-10-14,Kansas,1.153,70.381,18.595,55.049
2024-10-14,Kentucky,0.662,63.294,34.964,21.68
2024-10-14,Louisiana,1.042,77.427,31.499,33.793
2024-10-14,Maine,0.459,55.511,43.579,20.113
2024-10-14,Maryland,0.722,65.603,33.174,30.107
2024-10-14,Massachusetts,0.559,59.799,39.16,26.057
2024-10-14,Michigan,0.572,60.604,38.805,26.484
2024-10-14,Minnesota,0.716,60.648,31.476,34.623
2024-10-14,Mississippi,1.02,73.467,26.177,33.224
2024-10-14,Missouri,1.017,67.527,19.389,41.576
2024-10-14,Montana,0.888,63.746,27.504,36.29
2024-10-14,Nebraska,1.06,68.514,21.858,57.424
2024-10-14,Nevada,1.016,64.223,23.225,44.945
2024-10-14,New Hampshire,0.475,55.951,43.726,20.663
2024-10-14,New Jersey,0.772,65.184,29.97,33.811
2024-10-14,New Mexico,1.035,69.524,29.377,38.907
2024-10-14,New York,0.475,56.762,43.67,16.649
2024-10-14,North Carolina,0.707,66.775,34.918,26.158
2024-10-14,North Dakota,0.754,61.702,27.131,41.507
2024-10-14,Ohio,0.642,61.369,35.675,17.863
2024-10-14,Oklahoma,1.325,74.09,15.978,54.92
2024-10-14,Oregon,0.58,61.478,41.337,17.775
2024-10-14,Pennsylvania,0.603,60.091,36.484,19.684
2024-10-14,Rhode Island,0.618,61.033,35.143,30.762
2024-10-14,South Carolina,0.848,70.325,30.072,29.481
2024-10-14,South Dakota,1.0,66.881,22.77,51.977
2024-10-14,Tennessee,0.716,65.406,32.654,24.595
2024-10-14,Texas,1.362,79.666,27.628,51.056
2024-10-14,Utah,0.83,61.218,33.267,27.037
2024-10-14,Vermont,0.45,54.852,45.291,16.828
2024-10-14,Virginia,0.666,63.552,34.926,23.94
2024-10-14,Washington,0.412,58.498,52.286,15.944
2024-10-14,West Virginia,0.627,59.744,37.6,16.706
2024-10-14,Wisconsin,0.741,61.953,32.445,31.006
2024-10-14,Wyoming,0.814,61.096,28.368,36.877
2024-10-21,Alabama,1.276,83.141,30.021,24.672
2024-10-21,Arizona,2.072,82.245,10.065,54.998
2024-10-21,Arkansas,1.313,81.632,30.698,34.358
2024-10-21,California,1.521,74.068,18.543,51.278
2024-10-21,Colorado,0.855,63.785,23.387,41.13
2024-10-21,Connecticut,0.798,67.874,33.581,32.341
2024-10-21,Delaware,0.922,70.754,29.538,34.359
2024-10-21,Florida,0.99,84.801,45.881,20.944
2024-10-21,Georgia,1.1,82.118,34.778,24.848
2024-10-21,Idaho,0.53,54.913,34.59,27.697
2024-10-21,Illinois,0.873,68.817,27.168,28.1
2024-10-21,Indiana,0.84,68.527,28.675,28.771
2024-10-21,Iowa,0.909,66.64,24.141,36.559
2024-10-21,Kansas,1.179,74.571,22.835,41.035
2024-10-21,Kentucky,0.893,73.393,32.915,24.732
2024-10-21,Louisiana,1.174,84.144,35.408,26.621
2024-10-21,Maine,0.487,58.949,40.836,28.347
2024-10-21,Maryland,0.865,71.157,31.876,28.538
2024-10-21,Massachusetts,0.751,66.979,35.213,31.704
2024-10-21,Michigan,0.566,61.53,38.916,22.333
2024-10-21,Minnesota,0.619,60.201,33.013,28.722
2024-10-21,Mississippi,1.36,84.229,28.632,27.225
2024-10-21,Missouri,1.084,74.05,27.334,36.101
2024-10-21,Montana,0.616,56.663,29.671,33.015
2024-10-21,Nebraska,0.892,67.946,23.567,45.455
2024-10-21,Nevada,1.138,67.279,16.164,51.294
2024-10-21,New Hampshire,0.579,62.311,39.708,26.682
2024-10-21,New Jersey,0.952,70.489,28.26,33.781
2024-10-21,New Mexico,1.361,75.062,16.496,44.767
2024-10-21,New York,0.577,62.28,41.248,22.946
2024-10-21,North Carolina,0.804,74.217,39.396,19.896
2024-10-21,North Dakota,0.658,59.707,28.303,38.095
2024-10-21,Ohio,0.82,68.068,29.878,26.192
2024-10-21,Oklahoma,1.503,82.539,24.484,45.983
2024-10-21,Oregon,0.413,55.045,43.143,15.406
2024-10-21,Pennsylvania,0.74,66.056,32.924,25.563
2024-10-21,Rhode Island,0.817,67.862,32.002,33.086
2024-10-21,South Carolina,0.952,78.449,38.72,23.183
2024-10-21,South Dakota,0.884,66.017,22.03,47.452
2024-10-21,Tennessee,0.952,76.07,35.705,23.225
2024-10-21,Texas,1.493,86.031,28.888,42.645
2024-10-21,Utah,0.881,63.515,23.815,41.816
2024-10-21,Vermont,0.534,60.855,42.6,20.458
2024-10-21,Virginia,0.799,71.371,32.918,24.35
2024-10-21,Washington,0.303,52.057,52.102,14.49
2024-10-21,West Virginia,0.82,69.196,30.235,24.715
2024-10-21,Wisconsin,0.693,62.037,32.686,27.847
2024-10-21,Wyoming,0.745,59.647,24.44,44.768
2024-10-28,Alabama,0.822,78.924,50.158,25.683
2024-10-28,Arizona,1.093,65.241,19.954,50.619
2024-10-28,Arkansas,0.821,76.036,51.656,25.067
2024-10-28,California,0.672,59.187,37.974,39.386
2024-10-28,Colorado,0.567,52.314,31.997,28.49
2024-10-28,Connecticut,0.647,63.406,39.495,28.71
2024-10-28,Delaware,0.82,69.124,33.93,34.244
2024-10-28,Florida,0.934,83.504,51.373,21.484
2024-10-28,Georgia,0.711,78.225,51.295,25.892
2024-10-28,Idaho,0.21,40.223,53.705,13.248
2024-10-28,Illinois,0.733,68.926,40.856,23.086
2024-10-28,Indiana,0.736,68.317,38.96,26.743
2024-10-28,Iowa,0.542,63.541,48.984,24.454
2024-10-28,Kansas,0.821,69.984,42.916,33.803
2024-10-28,Kentucky,0.757,73.095,41.147,24.298
2024-10-28,Louisiana,1.002,81.998,52.427,23.378
2024-10-28,Maine,0.366,50.918,45.108,19.009
2024-10-28,Maryland,0.79,69.665,36.599,30.196
2024-10-28,Massachusetts,0.552,60.477,42.226,27.768
2024-10-28,Michigan,0.483,59.976,46.827,18.004
2024-10-28,Minnesota,0.35,51.897,51.865,17.986
2024-10-28,Mississippi,0.955,80.951,48.654,26.14
2024-10-28,Missouri,0.781,71.46,45.832,26.646
2024-10-28,Montana,0.365,45.786,38.751,29.718
2024-10-28,Nebraska,0.528,60.419,42.728,28.253
2024-10-28,Nevada,0.491,49.014,34.89,33.592
2024-10-28,New Hampshire,0.375,53.596,47.626,20.57
2024-10-28,New Jersey,0.79,68.174,34.054,34.015
2024-10-28,New Mexico,1.011,65.445,21.172,46.095
2024-10-28,New York,0.459,58.665,48.294,18.016
2024-10-28,North Carolina,0.626,72.368,49.216,24.138
2024-10-28,North Dakota,0.337,49.679,44.25,25.179
2024-10-28,Ohio,0.741,67.906,36.36,28.919
2024-10-28,Oklahoma,0.939,75.942,45.213,32.885
2024-10-28,Oregon,0.184,45.394,61.385,6.101
2024-10-28,Pennsylvania,0.663,64.772,37.059,27.151
2024-10-28,Rhode Island,0.619,62.061,37.55,30.749
2024-10-28,South Carolina,0.682,76.036,50.354,23.515
2024-10-28,South Dakota,0.443,54.336,43.38,28.374
2024-10-28,Tennessee,0.73,73.755,48.476,23.849
2024-10-28,Texas,1.267,81.619,39.379,38.116
2024-10-28,Utah,0.48,48.196,35.222,23.054
2024-10-28,Vermont,0.351,53.205,50.445,15.762
2024-10-28,Virginia,0.702,70.388,39.264,26.861
2024-10-28,Washington,0.182,46.029,65.491,6.253
2024-10-28,West Virginia,0.807,70.291,32.259,25.193
2024-10-28,Wisconsin,0.458,59.498,50.795,16.664
2024-10-28,Wyoming,0.29,41.651,48.291,19.924
